number,values_0,values_1,values_2,values_3,datetime_start,datetime_complete,duration,params_num_seeds_per_spm,params_seed_impactMax,params_seed_minPt,params_seed_sigmaScattering,system_attrs_NSGAIISampler:generation,state
0,89.46152925491333,33.66996645927429,0.0,110.42050361633301,2026-07-22 00:47:33.036022,2026-07-22 00:49:31.057668,0 days 00:01:58.021646,29,1.2773358635717913,0.4799020965817473,8.583834679284967,0,COMPLETE
1,49.71849322319031,25.76347589492798,0.0,62.74338102340698,2026-07-22 00:47:33.053938,2026-07-22 00:48:49.033191,0 days 00:01:15.979253,30,9.778578414341775,1.2081134063743835,2.1473693624613057,0,COMPLETE
2,43.626388907432556,22.696246206760406,0.0,122.3755042552948,2026-07-22 00:47:33.070971,2026-07-22 00:49:47.568778,0 days 00:02:14.497807,55,4.380238180938173,1.536713172601758,8.3152036577475,0,COMPLETE
3,90.28439521789551,48.40676784515381,0.015246226394083351,319.30608773231506,2026-07-22 00:47:33.085923,2026-07-22 00:53:08.028824,0 days 00:05:34.942901,65,2.8856599779972165,0.451948289170071,7.427875948134881,0,COMPLETE
4,64.64558839797974,18.349753320217133,0.0,86.46709847450256,2026-07-22 00:47:33.040097,2026-07-22 00:49:08.976122,0 days 00:01:35.936025,28,1.1139240412533757,1.0030527206564157,5.294643898306258,0,COMPLETE
5,87.7580463886261,46.53400182723999,0.008223007898777723,245.6512598991394,2026-07-22 00:47:33.097507,2026-07-22 00:51:48.828939,0 days 00:04:15.731432,61,4.852573217949741,0.7453764622481576,7.05980186841232,0,COMPLETE
6,55.680668354034424,18.785540759563446,0.0,83.41485285758972,2026-07-22 00:47:33.116120,2026-07-22 00:49:09.697785,0 days 00:01:36.581665,78,1.5945740549310563,1.167175942168368,5.393318402470238,0,COMPLETE
7,76.31009221076965,6.897717714309692,0.0,39.25449895858765,2026-07-22 00:47:33.162661,2026-07-22 00:48:21.936138,0 days 00:00:48.773477,1,6.141955403289064,0.6980705630905657,6.873535337591807,0,COMPLETE
8,50.81564784049988,24.428103864192963,0.0,87.94678831100464,2026-07-22 00:48:21.954999,2026-07-22 00:49:54.353355,0 days 00:01:32.398356,21,9.572186189403297,1.2701458757202868,4.819111443654539,0,COMPLETE
9,27.760934829711914,11.83510646224022,0.0,59.80106067657471,2026-07-22 00:48:49.052123,2026-07-22 00:49:51.054014,0 days 00:01:02.001891,71,1.6671854035425886,1.884800222518321,7.052782127994375,0,COMPLETE
10,89.92348909378052,55.88003993034363,0.013095862232148647,237.46230387687683,2026-07-22 00:49:08.992828,2026-07-22 00:53:10.256720,0 days 00:04:01.263892,71,7.028213804723255,0.4519896127793178,2.60741166246899,0,COMPLETE
11,39.90183472633362,14.584560692310333,0.0,70.12347984313965,2026-07-22 00:49:09.711177,2026-07-22 00:50:20.870185,0 days 00:01:11.159008,11,8.462043760894517,1.564085267664426,9.44663617409418,0,COMPLETE
12,90.15446901321411,39.89863097667694,0.008892050391295925,240.87224817276,2026-07-22 00:49:31.076387,2026-07-22 00:53:33.869749,0 days 00:04:02.793362,45,5.928214897421161,0.33580421343631617,2.353003520417646,0,COMPLETE
13,46.42702341079712,10.779877752065659,0.0,26.499945163726807,2026-07-22 00:49:47.586862,2026-07-22 00:50:15.108828,0 days 00:00:27.521966,3,4.815327864525012,1.1914689206214601,2.321129318942707,0,COMPLETE
14,31.83196187019348,15.401540696620941,0.0,59.120179414749146,2026-07-22 00:49:51.070721,2026-07-22 00:50:52.435657,0 days 00:01:01.364936,61,5.733155863765507,1.6605749095506728,3.3739420980196586,0,COMPLETE
15,30.171790719032288,16.61585420370102,0.0,76.30367827415466,2026-07-22 00:49:54.369981,2026-07-22 00:51:12.890430,0 days 00:01:18.520449,43,9.11361759595933,1.913229800089751,6.676233051584479,0,COMPLETE
16,36.24945878982544,19.00215595960617,0.0,64.62483787536621,2026-07-22 00:50:15.125298,2026-07-22 00:51:20.658175,0 days 00:01:05.532877,55,4.120627050487075,1.6957697953527544,7.217324452875515,0,COMPLETE
17,88.81189823150635,38.73964250087738,0.0,354.83897376060486,2026-07-22 00:50:20.888964,2026-07-22 00:56:16.838618,0 days 00:05:55.949654,53,7.412631196638135,0.3162666130838224,4.234844033525177,0,COMPLETE
18,75.55940747261047,40.08009433746338,0.010823682532645762,199.9300012588501,2026-07-22 00:50:52.454019,2026-07-22 00:54:14.093269,0 days 00:03:21.639250,73,3.722991365535633,0.9183762180047641,5.287590611254931,0,COMPLETE
19,78.533273935318,19.894294440746307,0.0,115.51482033729553,2026-07-22 00:51:12.905166,2026-07-22 00:53:10.307821,0 days 00:01:57.402655,13,9.473369685265999,0.37796883248612206,8.145877238698294,0,COMPLETE
20,88.26331496238708,37.1165931224823,0.01935171749209985,95.75829553604126,2026-07-22 00:51:20.672854,2026-07-22 00:52:57.333682,0 days 00:01:36.660828,28,8.949276453434754,0.7184510103017717,4.079054538989914,0,COMPLETE
21,36.33607625961304,18.84414404630661,0.0,74.0389051437378,2026-07-22 00:51:48.846110,2026-07-22 00:53:04.733993,0 days 00:01:15.887883,57,6.045793579856688,1.5749226409763255,4.273146866814161,0,COMPLETE
22,88.19113373756409,25.204187631607056,0.011503508721943945,69.21730709075928,2026-07-22 00:52:57.352098,2026-07-22 00:54:07.559797,0 days 00:01:10.207699,16,2.430003696446035,0.47595709558937505,7.012917753810589,0,COMPLETE
23,29.940810799598694,15.052920579910278,0.0,74.55794787406921,2026-07-22 00:53:04.752054,2026-07-22 00:54:23.540687,0 days 00:01:18.788633,57,3.1194675988224096,1.9922363851646139,8.914254155656284,0,COMPLETE
24,67.92262196540833,40.244048833847046,0.011963153519900516,227.93954610824585,2026-07-22 00:53:08.046655,2026-07-22 00:56:57.541196,0 days 00:03:49.494541,71,9.937960081336644,1.0933511125239332,9.148607283842823,0,COMPLETE
25,54.496896266937256,30.6561678647995,0.0,91.45600819587708,2026-07-22 00:53:10.273669,2026-07-22 00:54:45.451831,0 days 00:01:35.178162,61,7.66593846827967,1.1825429745596934,3.468350614061392,0,COMPLETE
26,38.08286488056183,19.53420639038086,0.0,109.20107197761536,2026-07-22 00:53:10.325995,2026-07-22 00:55:01.379749,0 days 00:01:51.053754,47,4.2256176430122245,1.6542547513950476,7.524500533475952,0,COMPLETE
27,53.90501022338867,29.969581961631775,0.0,111.82680368423462,2026-07-22 00:53:33.885926,2026-07-22 00:55:28.776832,0 days 00:01:54.890906,79,4.984584639091279,1.2511512880040903,5.417273741910885,0,COMPLETE
28,81.2328577041626,41.029179096221924,0.00985804435913451,191.53470587730408,2026-07-22 00:54:07.575633,2026-07-22 00:57:22.961778,0 days 00:03:15.386145,47,5.929574593869691,0.8419743004250093,5.263744703805234,0,COMPLETE
29,63.635051250457764,22.701972723007202,0.016866250371094793,102.14532113075256,2026-07-22 00:54:14.108582,2026-07-22 00:55:57.998676,0 days 00:01:43.890094,43,1.5645212585886275,1.083784159821556,7.413437250268177,0,COMPLETE
30,86.81969046592712,28.48491668701172,0.0,140.64637851715088,2026-07-22 00:54:23.556291,2026-07-22 00:56:46.192617,0 days 00:02:22.636326,23,9.99684158589129,0.3822961251655853,4.416219982059779,0,COMPLETE
31,76.65656208992004,19.7674423456192,0.0,67.86705446243286,2026-07-22 00:54:45.467471,2026-07-22 00:55:55.117220,0 days 00:01:09.649749,10,4.67627842666276,0.8380897254934068,4.2081422698915345,0,COMPLETE
32,79.74592447280884,22.951695322990417,0.0,71.64644503593445,2026-07-22 00:55:01.395223,2026-07-22 00:56:16.356898,0 days 00:01:14.961675,20,1.5612323973367737,0.8421809263706515,8.179433700636467,0,COMPLETE
33,89.62032794952393,54.04232144355774,0.00689227381371893,371.2000205516815,2026-07-22 00:55:28.792003,2026-07-22 01:01:42.128289,0 days 00:06:13.336286,80,3.7755496983538737,0.582977333787223,5.240318311643888,0,COMPLETE
34,26.79370641708374,13.791574537754059,0.0,46.16288900375366,2026-07-22 00:55:55.132720,2026-07-22 00:56:42.916121,0 days 00:00:47.783401,68,7.559571250038465,1.8444200064530865,3.384158328196299,0,COMPLETE
35,47.235456109046936,25.406813621520996,0.0,119.67334055900574,2026-07-22 00:55:58.013284,2026-07-22 00:57:59.473754,0 days 00:02:01.460470,48,7.8459662825977174,1.4441775674990507,7.464923931161835,0,COMPLETE
36,30.73480725288391,15.66401869058609,0.0,41.19833159446716,2026-07-22 00:56:16.372063,2026-07-22 00:57:01.223851,0 days 00:00:44.851788,16,7.244229626194996,1.9356506235396134,7.966425886602423,0,COMPLETE
37,61.397433280944824,30.943569540977478,0.0,120.21271657943726,2026-07-22 00:56:16.853658,2026-07-22 00:58:26.593889,0 days 00:02:09.740231,51,4.709136972497629,1.1786047637909804,7.8078602593583355,0,COMPLETE
38,73.19185733795166,22.18514233827591,0.0,78.53214836120605,2026-07-22 00:56:42.930919,2026-07-22 00:58:03.393948,0 days 00:01:20.463029,14,9.878536792114108,0.8830539594739852,6.896432446547806,0,COMPLETE
39,27.60213613510132,13.750000298023224,0.0,40.42208552360535,2026-07-22 00:56:46.208019,2026-07-22 00:57:28.311689,0 days 00:00:42.103670,69,7.203067694433218,1.7802552205891424,2.943528067756758,0,COMPLETE
40,53.93388271331787,18.8237726688385,0.0,76.99176073074341,2026-07-22 00:56:57.556047,2026-07-22 00:58:16.331394,0 days 00:01:18.775347,17,3.722477834600866,1.2527284682092488,9.167409291276165,0,COMPLETE
41,28.453877568244934,12.153518199920654,0.0,28.522356748580933,2026-07-22 00:57:01.240307,2026-07-22 00:57:33.263218,0 days 00:00:32.022911,7,7.829692481820796,1.9149951539682333,6.701980139716164,0,COMPLETE
42,23.97863417863846,10.69408729672432,0.0,40.07279300689697,2026-07-22 00:57:22.977984,2026-07-22 00:58:10.590321,0 days 00:00:47.612337,60,3.6699716318201236,1.8496597121720388,2.276139614133581,0,COMPLETE
43,89.56258296966553,30.85050880908966,0.0,102.01306939125061,2026-07-22 00:57:28.326726,2026-07-22 00:59:12.191362,0 days 00:01:43.864636,18,5.115145640818194,0.4544549932008023,2.1682709001389293,0,COMPLETE
44,44.362640380859375,17.714723944664,0.0,55.68115496635437,2026-07-22 00:57:33.277252,2026-07-22 00:58:33.228250,0 days 00:00:59.950998,21,3.176218661614254,1.4796757087925647,8.025188040220149,0,COMPLETE
45,38.44377100467682,16.462503373622894,0.0,43.53616285324097,2026-07-22 00:57:59.489896,2026-07-22 00:58:45.036521,0 days 00:00:45.546625,9,9.909243914694663,1.4463187234022452,3.0993556084637444,0,COMPLETE
46,33.26115310192108,15.783971548080444,0.0,64.0594162940979,2026-07-22 00:58:03.409158,2026-07-22 00:59:09.261791,0 days 00:01:05.852633,20,4.612158919886388,1.8272072832415949,8.14611057536063,0,COMPLETE
47,67.21524596214294,17.57679134607315,0.0,57.619531869888306,2026-07-22 00:58:10.604575,2026-07-22 00:59:10.145104,0 days 00:00:59.540529,18,1.5564888515215862,0.9344701232632517,2.1354870124506897,0,COMPLETE
48,54.72787618637085,28.937989473342896,0.0,98.68199491500854,2026-07-22 00:58:16.346907,2026-07-22 00:59:56.651864,0 days 00:01:40.304957,31,9.917553585809358,1.2052709333299938,4.208851981590963,0,COMPLETE
49,30.691498517990112,15.258751809597015,0.0,40.651297092437744,2026-07-22 00:58:26.609017,2026-07-22 00:59:10.292172,0 days 00:00:43.683155,15,8.121473947821741,1.7783866086500228,4.687551622443685,0,COMPLETE
50,55.276453495025635,28.921395540237427,0.0,108.32834315299988,2026-07-22 00:58:33.241112,2026-07-22 01:00:26.395284,0 days 00:01:53.154172,48,5.289064082946904,1.3045235964350037,9.19481665138699,0,COMPLETE
51,80.09239435195923,31.886401772499084,0.0,135.28947472572327,2026-07-22 00:58:45.053471,2026-07-22 01:01:02.410258,0 days 00:02:17.356787,29,9.641793287341315,0.8284209608081252,9.0723150666243,0,COMPLETE
52,53.457486629486084,28.453192114830017,0.0,92.40654063224792,2026-07-22 00:59:09.278332,2026-07-22 01:00:43.492892,0 days 00:01:34.214560,37,8.212658721394517,1.1611929532897913,2.4132450933394125,0,COMPLETE
53,60.25696396827698,27.185431122779846,0.0,123.82040786743164,2026-07-22 00:59:10.160025,2026-07-22 01:01:15.720420,0 days 00:02:05.560395,30,8.604058594879545,1.1873973512144544,8.561014155528138,0,COMPLETE
54,69.0342128276825,38.665369153022766,0.0,105.93197822570801,2026-07-22 00:59:10.306658,2026-07-22 01:00:59.772686,0 days 00:01:49.466028,57,6.124365976944742,0.9496260091848987,2.435186329044254,0,COMPLETE
55,66.23358130455017,22.49472141265869,0.0,101.08001613616943,2026-07-22 00:59:12.206486,2026-07-22 01:00:57.374864,0 days 00:01:45.168378,38,1.4220522167562066,1.046156173461407,8.144608773717374,0,COMPLETE
56,37.53428757190704,18.708905577659607,0.0,86.57772302627563,2026-07-22 00:59:56.664272,2026-07-22 01:01:24.780634,0 days 00:01:28.116362,49,3.152835549826774,1.6713623112545761,7.999931297331015,0,COMPLETE
57,88.89851570129395,25.781428813934326,0.0,64.32070231437683,2026-07-22 01:00:26.411249,2026-07-22 01:01:34.392549,0 days 00:01:07.981300,16,2.430003696446035,0.6270864592846743,7.012917753810589,1,COMPLETE
58,90.06785154342651,50.07080435752869,0.007453231228282675,241.17956614494324,2026-07-22 01:00:43.508054,2026-07-22 01:04:47.550999,0 days 00:04:04.042945,55,4.120627050487075,0.4519896127793178,2.60741166246899,1,COMPLETE
59,89.79356288909912,36.79649531841278,0.0,173.73042035102844,2026-07-22 01:00:57.390932,2026-07-22 01:03:53.334660,0 days 00:02:55.943728,35,1.5945740549310563,0.4519896127793178,8.108652160780288,1,COMPLETE
60,85.72253584861755,14.158076047897339,0.0,32.90547752380371,2026-07-22 01:00:59.787565,2026-07-22 01:01:36.033970,0 days 00:00:36.246405,5,6.141955403289064,0.6980705630905657,4.2081422698915345,1,COMPLETE
61,28.453877568244934,12.153518199920654,0.0,39.75460195541382,2026-07-22 01:01:02.427553,2026-07-22 01:01:44.354940,0 days 00:00:41.927387,7,7.829692481820796,1.9149951539682333,6.701980139716164,1,COMPLETE
62,40.20499587059021,19.85172927379608,0.0,75.71385598182678,2026-07-22 01:01:15.736427,2026-07-22 01:02:33.170728,0 days 00:01:17.434301,68,5.034138083750101,1.4441775674990507,3.384158328196299,1,COMPLETE
63,86.40103936195374,25.27731955051422,0.0,81.9540057182312,2026-07-22 01:01:24.796676,2026-07-22 01:02:48.475216,0 days 00:01:23.678540,14,7.66593846827967,0.7351893431211167,4.126938406982976,1,COMPLETE
64,28.425005078315735,13.59630674123764,0.0,33.72155141830444,2026-07-22 01:01:34.408292,2026-07-22 01:02:11.664136,0 days 00:00:37.255844,61,5.733155863765507,1.7783866086500228,3.3739420980196586,1,COMPLETE
65,89.85130786895752,38.879722356796265,0.009167583630187437,115.17050552368164,2026-07-22 01:01:36.050749,2026-07-22 01:03:34.078459,0 days 00:01:58.027710,31,4.2256176430122245,0.5043662664809249,4.208851981590963,1,COMPLETE
66,81.52158260345459,43.236374855041504,0.009413536463398486,301.2131006717682,2026-07-22 01:01:42.142923,2026-07-22 01:06:45.280108,0 days 00:05:03.137185,61,7.028213804723255,0.8593544243300084,8.353479323709639,1,COMPLETE
67,61.16644740104675,34.27271246910095,0.0,182.5088074207306,2026-07-22 01:01:44.369311,2026-07-22 01:04:49.139837,0 days 00:03:04.770526,56,9.778578414341775,1.2081134063743835,8.914254155656284,1,COMPLETE
68,89.60589170455933,35.14471352100372,0.0,128.46118783950806,2026-07-22 01:02:11.678517,2026-07-22 01:04:23.424769,0 days 00:02:11.746252,36,1.081817835936449,0.3984961558369401,8.025188040220149,1,COMPLETE
69,26.360619068145752,14.06109631061554,0.0,42.80008292198181,2026-07-22 01:02:33.184578,2026-07-22 01:03:17.637042,0 days 00:00:44.452464,16,8.121473947821741,1.9356506235396134,4.3667241554558105,1,COMPLETE
70,83.67258310317993,7.407975196838379,0.0,26.040849685668945,2026-07-22 01:02:48.492689,2026-07-22 01:03:16.279212,0 days 00:00:27.786523,1,6.141955403289064,0.6980705630905657,2.60741166246899,1,COMPLETE
71,60.08372902870178,22.73208647966385,0.0,75.41800618171692,2026-07-22 01:03:16.293759,2026-07-22 01:04:33.362770,0 days 00:01:17.069011,15,8.121473947821741,1.0933511125239332,4.687551622443685,1,COMPLETE
72,67.34517216682434,32.17032849788666,0.013736264372710139,161.80965065956116,2026-07-22 01:03:17.653140,2026-07-22 01:06:01.679153,0 days 00:02:44.026013,43,5.289064082946904,1.083784159821556,9.19481665138699,1,COMPLETE
73,24.397285282611847,11.990049481391907,0.0,26.072592735290527,2026-07-22 01:03:34.095307,2026-07-22 01:04:03.657487,0 days 00:00:29.562180,71,7.028213804723255,1.884800222518321,2.60741166246899,1,COMPLETE
74,89.17280435562134,30.283978581428528,0.0,101.85146880149841,2026-07-22 01:03:53.350219,2026-07-22 01:05:37.557578,0 days 00:01:44.207359,47,1.1304527148995884,0.6370736237537533,2.943528067756758,1,COMPLETE
75,70.98311185836792,30.850213766098022,0.0,62.36058259010315,2026-07-22 01:04:03.673629,2026-07-22 01:05:09.108911,0 days 00:01:05.435282,20,7.324614763768046,0.9183762180047641,2.2250919111103125,1,COMPLETE
76,68.45676302909851,17.703191936016083,0.0,38.30008101463318,2026-07-22 01:04:23.443953,2026-07-22 01:05:04.707365,0 days 00:00:41.263412,8,9.99684158589129,0.9150950734843799,4.416219982059779,1,COMPLETE
77,86.64645552635193,22.267156839370728,0.0,69.53145742416382,2026-07-22 01:04:33.378789,2026-07-22 01:05:44.937173,0 days 00:01:11.558384,11,8.949276453434754,0.7184510103017717,4.079054538989914,1,COMPLETE
78,88.30662369728088,21.163956820964813,0.0,58.87755751609802,2026-07-22 01:04:47.567237,2026-07-22 01:05:48.503756,0 days 00:01:00.936519,9,5.173282583004196,0.6980705630905657,3.0993556084637444,1,COMPLETE
79,60.314708948135376,32.93687105178833,0.0,178.54790592193604,2026-07-22 01:04:49.156768,2026-07-22 01:07:50.131778,0 days 00:03:00.975010,61,6.141955403289064,1.1825429745596934,6.873535337591807,1,COMPLETE
80,75.02526640892029,13.442151248455048,0.0,35.38857841491699,2026-07-22 01:05:04.723677,2026-07-22 01:05:43.362624,0 days 00:00:38.638947,7,1.5645212585886275,0.8421809263706515,8.179433700636467,1,COMPLETE
81,25.090226531028748,12.54204660654068,0.0,30.84256362915039,2026-07-22 01:05:09.124012,2026-07-22 01:05:43.157153,0 days 00:00:34.033141,57,5.999679277488342,1.9922363851646139,4.232027350798905,1,COMPLETE
82,88.53760361671448,20.691777765750885,0.0,58.474348306655884,2026-07-22 01:05:37.574599,2026-07-22 01:06:38.284871,0 days 00:01:00.710272,9,3.154769988252978,0.6981730801118182,3.0993556084637444,1,COMPLETE
83,84.69756245613098,21.796613931655884,0.01235635718330741,72.20938658714294,2026-07-22 01:05:43.174294,2026-07-22 01:06:58.635766,0 days 00:01:15.461472,14,7.028213804723255,0.4069204596520615,6.896432446547806,1,COMPLETE
84,37.08676099777222,11.815181374549866,0.0,28.760863304138184,2026-07-22 01:05:43.377251,2026-07-22 01:06:16.476705,0 days 00:00:33.099454,9,2.2020779518995504,1.4463187234022452,3.0993556084637444,1,COMPLETE
85,42.68803298473358,22.879880666732788,0.0,115.95164561271667,2026-07-22 01:05:44.952685,2026-07-22 01:07:43.280640,0 days 00:01:58.327955,60,5.738372023015548,1.536713172601758,7.427875948134881,1,COMPLETE
86,50.75790286064148,28.728535771369934,0.0,134.9765510559082,2026-07-22 01:05:48.518898,2026-07-22 01:08:05.396667,0 days 00:02:16.877769,73,6.583508970323382,1.3063005618757155,5.417273741910885,1,COMPLETE
87,78.01356911659241,20.38821429014206,0.0,60.37374782562256,2026-07-22 01:06:01.693268,2026-07-22 01:07:03.989297,0 days 00:01:02.296029,10,6.045793579856688,0.820104256115399,4.273146866814161,1,COMPLETE
88,74.43337440490723,18.103966116905212,0.0,46.382209062576294,2026-07-22 01:06:16.490341,2026-07-22 01:07:05.920543,0 days 00:00:49.430202,10,5.929574593869691,0.8380897254934068,7.877470803621222,1,COMPLETE
89,53.399741649627686,25.90326964855194,0.0,108.5916919708252,2026-07-22 01:06:38.300321,2026-07-22 01:08:29.445951,0 days 00:01:51.145630,32,4.984584639091279,1.2511512880040903,5.287590611254931,1,COMPLETE
90,28.150713443756104,11.429812759160995,0.0,49.77881860733032,2026-07-22 01:06:45.296569,2026-07-22 01:07:37.519316,0 days 00:00:52.222747,7,4.815327864525012,1.9149951539682333,6.701980139716164,1,COMPLETE
91,73.24960231781006,42.91927516460419,0.010607828880893067,129.24961686134338,2026-07-22 01:06:58.653560,2026-07-22 01:09:11.073046,0 days 00:02:12.419486,61,7.66593846827967,0.9208728133805069,3.468350614061392,1,COMPLETE
92,45.22881507873535,21.912918984889984,0.0,111.82622838020325,2026-07-22 01:07:04.005678,2026-07-22 01:08:57.678356,0 days 00:01:53.672678,60,3.176218661614254,1.4796757087925647,8.025188040220149,1,COMPLETE
93,88.39324116706848,27.979731559753418,0.011015641939593479,84.94693183898926,2026-07-22 01:07:05.937719,2026-07-22 01:08:34.517531,0 days 00:01:28.579812,20,2.430003696446035,0.47595709558937505,8.14611057536063,1,COMPLETE
94,87.6714289188385,35.179346799850464,0.009854158270172775,212.63604068756104,2026-07-22 01:07:37.535613,2026-07-22 01:11:12.334135,0 days 00:03:34.798522,30,9.778578414341775,0.4544549932008023,6.075776392940638,1,COMPLETE
95,81.1895489692688,39.00338411331177,0.0,170.76708841323853,2026-07-22 01:07:43.296999,2026-07-22 01:10:35.792092,0 days 00:02:52.495093,47,3.6699716318201236,0.8419743004250093,5.263744703805234,1,COMPLETE
96,55.88277578353882,26.6630619764328,0.0,88.13122081756592,2026-07-22 01:07:50.146023,2026-07-22 01:09:20.140427,0 days 00:01:29.994404,23,9.99684158589129,1.1825429745596934,4.416219982059779,1,COMPLETE
97,88.91295194625854,35.727229714393616,0.009537434380035847,255.57089853286743,2026-07-22 01:08:05.411604,2026-07-22 01:12:23.032127,0 days 00:04:17.620523,47,4.815327864525012,0.3101560884869254,5.263744703805234,1,COMPLETE
98,89.57701921463013,46.54251039028168,0.008097165846265852,213.86799025535583,2026-07-22 01:08:29.461330,2026-07-22 01:12:05.468052,0 days 00:03:36.006722,61,2.8856599779972165,0.6621030384857014,5.287590611254931,1,COMPLETE
99,63.66392374038696,22.375041246414185,0.0,68.76619672775269,2026-07-22 01:08:34.532660,2026-07-22 01:09:46.771618,0 days 00:01:12.238958,21,3.176218661614254,1.0874394205689006,8.025188040220149,1,COMPLETE
100,87.00736165046692,23.239269852638245,0.0,105.54040503501892,2026-07-22 01:08:57.694474,2026-07-22 01:10:45.121324,0 days 00:01:47.426850,16,9.99684158589129,0.3595718332541455,2.321129318942707,1,COMPLETE
101,59.318608045578,34.85008180141449,0.0,122.1445300579071,2026-07-22 01:09:11.089713,2026-07-22 01:11:16.683493,0 days 00:02:05.593780,78,7.412631196638135,1.167175942168368,5.393318402470238,1,COMPLETE
102,89.62032794952393,47.8814572095871,0.007861017365939915,252.02765703201294,2026-07-22 01:09:20.155129,2026-07-22 01:13:34.567907,0 days 00:04:14.412778,65,3.722477834600866,0.6886936320347221,7.427875948134881,1,COMPLETE
103,88.59534859657288,37.78046667575836,0.018620240734890103,191.57288002967834,2026-07-22 01:09:46.788055,2026-07-22 01:13:01.866939,0 days 00:03:15.078884,48,9.909243914694663,0.3162666130838224,3.0993556084637444,1,COMPLETE
104,72.08026647567749,28.74477505683899,0.0,98.37231111526489,2026-07-22 01:10:35.807944,2026-07-22 01:12:16.129263,0 days 00:01:40.321319,21,9.572186189403297,0.9344701232632517,4.819111443654539,1,COMPLETE
105,89.20167684555054,45.166364312171936,0.008276775042759255,217.0958993434906,2026-07-22 01:10:45.136334,2026-07-22 01:14:24.421718,0 days 00:03:39.285384,51,9.473369685265999,0.6980705630905657,6.873535337591807,1,COMPLETE
106,29.940810799598694,14.819182455539703,0.0,86.1866819858551,2026-07-22 01:11:12.347614,2026-07-22 01:12:40.515435,0 days 00:01:28.167821,35,3.1194675988224096,1.9922363851646139,8.914254155656284,1,COMPLETE
107,88.24887871742249,39.678558707237244,0.009290226444136351,92.13248682022095,2026-07-22 01:11:16.697407,2026-07-22 01:12:51.997313,0 days 00:01:35.299906,28,8.949276453434754,0.7184510103017717,3.030603104395846,1,COMPLETE
108,40.334922075271606,15.154184401035309,0.0,70.6664662361145,2026-07-22 01:12:05.482546,2026-07-22 01:13:18.542680,0 days 00:01:13.060134,43,1.5645212585886275,1.564085267664426,9.716791345900031,1,COMPLETE
109,59.231990575790405,23.443354666233063,0.0,91.36156392097473,2026-07-22 01:12:16.143204,2026-07-22 01:13:49.337315,0 days 00:01:33.194111,26,2.8391604778306823,1.14596316944432,5.294643898306258,1,COMPLETE
110,51.75400376319885,21.93952053785324,0.0,105.40904235839844,2026-07-22 01:12:23.047448,2026-07-22 01:14:10.314097,0 days 00:01:47.266649,53,2.430003696446035,1.3045235964350037,7.012917753810589,1,COMPLETE
111,46.51364088058472,11.604095250368118,0.0,40.20676374435425,2026-07-22 01:12:40.531998,2026-07-22 01:13:22.924558,0 days 00:00:42.392560,3,9.706184223439493,1.1914689206214601,2.321129318942707,1,COMPLETE
112,57.745057344436646,22.17913269996643,0.0,63.934946060180664,2026-07-22 01:12:52.012032,2026-07-22 01:13:59.040713,0 days 00:01:07.028681,20,9.470530338659694,1.1914689206214601,8.14611057536063,1,COMPLETE
113,33.43438804149628,17.391304671764374,0.0,43.18046545982361,2026-07-22 01:13:01.881266,2026-07-22 01:13:49.047480,0 days 00:00:47.166214,21,7.428804290379601,1.6908296700278385,4.819111443654539,1,COMPLETE
114,88.99956941604614,48.86089861392975,0.007775444828439504,192.184077501297,2026-07-22 01:13:18.558857,2026-07-22 01:16:33.139312,0 days 00:03:14.580455,48,9.909243914694663,0.6980705630905657,3.0993556084637444,2,COMPLETE
115,88.09008002281189,23.087024688720703,0.0,123.96492385864258,2026-07-22 01:13:22.940432,2026-07-22 01:15:29.061776,0 days 00:02:06.121344,16,1.081817835936449,0.3984961558369401,8.025188040220149,2,COMPLETE
116,44.694674015045166,8.564946055412292,0.0,31.473563194274902,2026-07-22 01:13:34.583960,2026-07-22 01:14:08.120235,0 days 00:00:33.536275,3,5.173282583004196,1.1914689206214601,6.540945825945748,2,COMPLETE
117,87.5703752040863,35.657331347465515,0.019447685917839408,198.42680883407593,2026-07-22 01:13:49.063041,2026-07-22 01:17:11.511623,0 days 00:03:22.448582,36,6.28485260311759,0.3984961558369401,8.025188040220149,2,COMPLETE
118,87.5415027141571,36.48518621921539,0.0,134.9053716659546,2026-07-22 01:13:49.352540,2026-07-22 01:16:08.222223,0 days 00:02:18.869683,35,6.223897328319099,0.4519896127793178,9.752906406191205,2,COMPLETE
119,89.41822052001953,51.50420069694519,0.007373543485300615,166.54927015304565,2026-07-22 01:13:59.055611,2026-07-22 01:16:49.264318,0 days 00:02:50.208707,76,3.7672722331787383,0.6370736237537533,2.943528067756758,2,COMPLETE
120,89.85130786895752,38.879722356796265,0.009167583630187437,149.58184838294983,2026-07-22 01:14:08.136251,2026-07-22 01:16:39.978398,0 days 00:02:31.842147,31,4.2256176430122245,0.5043662664809249,4.208851981590963,2,COMPLETE
121,89.57701921463013,46.54251039028168,0.008097165846265852,218.7888102531433,2026-07-22 01:14:10.329660,2026-07-22 01:17:50.940121,0 days 00:03:40.610461,61,2.8856599779972165,0.6621030384857014,5.287590611254931,2,COMPLETE
122,88.43654990196228,36.809757351875305,0.00960338074946776,150.19924402236938,2026-07-22 01:14:24.437739,2026-07-22 01:16:57.692000,0 days 00:02:33.254261,30,9.778578414341775,0.6077759439195285,6.896432446547806,2,COMPLETE
123,89.54814672470093,50.56530833244324,0.007438262400683016,203.2487587928772,2026-07-22 01:15:29.078543,2026-07-22 01:18:56.569445,0 days 00:03:27.490902,47,9.776569501829279,0.6370736237537533,2.943528067756758,2,COMPLETE
124,88.01789879798889,18.067334592342377,0.0,74.16772317886353,2026-07-22 01:16:08.237574,2026-07-22 01:17:24.399977,0 days 00:01:16.162403,8,1.2773358635717913,0.4799020965817473,4.416219982059779,2,COMPLETE
125,86.05456948280334,18.36629807949066,0.0,56.401981592178345,2026-07-22 01:16:33.156149,2026-07-22 01:17:32.754905,0 days 00:00:59.598756,10,4.67627842666276,0.3984961558369401,4.2081422698915345,2,COMPLETE
126,60.64674258232117,33.90108942985535,0.0,111.81817817687988,2026-07-22 01:16:39.994954,2026-07-22 01:18:36.901646,0 days 00:01:56.906692,57,5.999679277488342,1.111949293510355,4.232027350798905,2,COMPLETE
127,31.87527060508728,8.208653330802917,0.0,21.98305606842041,2026-07-22 01:16:49.279250,2026-07-22 01:17:14.312131,0 days 00:00:25.032881,47,1.1304527148995884,1.4743047115179357,2.943528067756758,2,COMPLETE
128,89.88018035888672,37.86982297897339,0.009392316860612482,147.39500188827515,2026-07-22 01:16:57.706873,2026-07-22 01:19:29.802256,0 days 00:02:32.095383,31,2.319198126919165,0.5043662664809249,4.208851981590963,2,COMPLETE
129,89.15836811065674,38.45296800136566,0.0,129.85885286331177,2026-07-22 01:17:11.527567,2026-07-22 01:19:26.721737,0 days 00:02:15.194170,36,7.123263409246221,0.6621030384857014,8.025188040220149,2,COMPLETE
130,89.60589170455933,43.82694959640503,0.0,159.34651470184326,2026-07-22 01:17:14.328162,2026-07-22 01:19:56.853697,0 days 00:02:42.525535,71,1.6671854035425886,0.6270864592846743,7.052782127994375,2,COMPLETE
131,88.59534859657288,37.78046667575836,0.018620240734890103,329.2018675804138,2026-07-22 01:17:24.415615,2026-07-22 01:22:55.591508,0 days 00:05:31.175893,48,9.909243914694663,0.3162666130838224,3.0993556084637444,2,COMPLETE
132,83.05182456970215,21.92211002111435,0.012562813935801387,74.30647826194763,2026-07-22 01:17:32.770846,2026-07-22 01:18:50.381985,0 days 00:01:17.611139,14,9.634412015719455,0.4069204596520615,6.896432446547806,2,COMPLETE
133,86.50209307670593,19.000892341136932,0.0,59.82356357574463,2026-07-22 01:17:50.955624,2026-07-22 01:18:53.948674,0 days 00:01:02.993050,8,9.99684158589129,0.6270864592846743,4.416219982059779,2,COMPLETE
134,86.73307299613953,19.33985948562622,0.0,70.31928038597107,2026-07-22 01:18:36.918088,2026-07-22 01:19:48.160842,0 days 00:01:11.242754,12,8.323703455844282,0.3595718332541455,2.321129318942707,2,COMPLETE
135,87.38270401954651,28.557366132736206,0.0,100.92672395706177,2026-07-22 01:18:50.397776,2026-07-22 01:20:34.753148,0 days 00:01:44.355372,23,7.412631196638135,0.3822961251655853,4.416219982059779,2,COMPLETE
136,57.65843987464905,23.552052676677704,0.0,108.90538549423218,2026-07-22 01:18:53.964182,2026-07-22 01:20:44.681378,0 days 00:01:50.717196,43,2.3387502065447006,1.2077582612836057,7.05980186841232,2,COMPLETE
137,36.97127103805542,15.814244747161865,0.0,41.8683807849884,2026-07-22 01:18:56.585664,2026-07-22 01:19:43.608698,0 days 00:00:47.023034,11,8.462043760894517,1.564085267664426,4.977991307447039,2,COMPLETE
138,87.10841536521912,17.521917819976807,0.0,56.87201261520386,2026-07-22 01:19:26.737307,2026-07-22 01:20:26.039620,0 days 00:00:59.302313,9,3.154769988252978,0.3984961558369401,3.0993556084637444,2,COMPLETE
139,69.40955519676208,30.558598041534424,0.0,77.29026889801025,2026-07-22 01:19:29.818439,2026-07-22 01:20:49.029343,0 days 00:01:19.210904,18,9.746131234769086,0.9344701232632517,2.1354870124506897,2,COMPLETE
140,87.4837577342987,25.065553188323975,0.0,60.003286600112915,2026-07-22 01:19:43.622653,2026-07-22 01:20:44.742927,0 days 00:01:01.120274,28,1.1304527148995884,0.7184510103017717,2.943528067756758,2,COMPLETE
141,71.7771053314209,30.17287254333496,0.0,65.14165210723877,2026-07-22 01:19:48.176716,2026-07-22 01:20:54.562625,0 days 00:01:06.385909,20,7.388086989281835,0.9183762180047641,2.8158858858842484,2,COMPLETE
142,85.79471707344055,23.194511234760284,0.012036591215291992,66.85480189323425,2026-07-22 01:19:56.868333,2026-07-22 01:21:07.102195,0 days 00:01:10.233862,14,8.949276453434754,0.4519896127793178,5.279682484196938,2,COMPLETE
143,30.09960949420929,11.019397526979446,0.0,33.39600706100464,2026-07-22 01:20:26.055573,2026-07-22 01:21:00.574477,0 days 00:00:34.518904,10,1.5945740549310563,1.7995260073917378,8.108652160780288,2,COMPLETE
144,25.79760253429413,13.271461427211761,0.0,30.395991802215576,2026-07-22 01:20:34.770480,2026-07-22 01:21:12.355263,0 days 00:00:37.584783,60,7.028213804723255,1.884800222518321,3.3445713493776204,2,COMPLETE
145,27.89086103439331,13.49274069070816,0.0,40.59685778617859,2026-07-22 01:20:44.700027,2026-07-22 01:21:27.456424,0 days 00:00:42.756397,11,8.949276453434754,1.8420778011527106,4.079054538989914,2,COMPLETE
146,88.69640827178955,20.347826182842255,0.0,50.77513313293457,2026-07-22 01:20:44.761190,2026-07-22 01:21:36.963922,0 days 00:00:52.202732,10,1.046015335849282,0.4849852879276244,4.273146866814161,2,COMPLETE
147,88.45098614692688,27.272728085517883,0.011113580694654956,167.71481609344482,2026-07-22 01:20:49.046108,2026-07-22 01:23:38.663802,0 days 00:02:49.617694,29,1.2773358635717913,0.3101560884869254,8.583834679284967,2,COMPLETE
148,40.6380832195282,16.066323220729828,0.0,46.30393028259277,2026-07-22 01:20:54.577487,2026-07-22 01:21:41.935521,0 days 00:00:47.358034,67,2.4263782112042387,1.4463187234022452,4.208851981590963,2,COMPLETE
149,46.42702341079712,10.779877752065659,0.0,23.07310962677002,2026-07-22 01:21:00.592339,2026-07-22 01:21:24.624040,0 days 00:00:24.031701,3,4.815327864525012,1.1914689206214601,2.321129318942707,2,COMPLETE
150,86.19893193244934,21.374891698360443,0.0,56.08547401428223,2026-07-22 01:21:07.118088,2026-07-22 01:22:06.673846,0 days 00:00:59.555758,11,8.949276453434754,0.47595709558937505,4.079054538989914,2,COMPLETE
151,24.57052171230316,12.074913829565048,0.0,27.400168657302856,2026-07-22 01:21:12.371113,2026-07-22 01:21:42.964982,0 days 00:00:30.593869,28,7.829692481820796,1.9149951539682333,3.030603104395846,2,COMPLETE
152,33.463260531425476,18.535929918289185,0.0,55.15256977081299,2026-07-22 01:21:24.639988,2026-07-22 01:22:21.220393,0 days 00:00:56.580405,71,7.028213804723255,1.8018472773378098,7.012917753810589,2,COMPLETE
153,65.69943428039551,35.02641320228577,0.0,119.14160013198853,2026-07-22 01:21:27.474300,2026-07-22 01:23:28.603754,0 days 00:02:01.129454,45,5.928214897421161,0.9871784934247765,2.353003520417646,2,COMPLETE
154,36.52374744415283,12.237412482500076,0.0,32.35196542739868,2026-07-22 01:21:36.978276,2026-07-22 01:22:14.582560,0 days 00:00:37.604284,68,2.2020779518995504,1.4463187234022452,2.60741166246899,2,COMPLETE
155,88.98513317108154,50.121599435806274,0.007599939272040501,159.0521686077118,2026-07-22 01:21:41.950858,2026-07-22 01:24:21.982145,0 days 00:02:40.031287,61,5.173282583004196,0.6980705630905657,3.312630944385905,2,COMPLETE
156,76.93085074424744,21.395544707775116,0.01401148911099881,43.5421187877655,2026-07-22 01:21:42.981307,2026-07-22 01:22:29.443834,0 days 00:00:46.462527,10,5.929574593869691,0.8380897254934068,2.943528067756758,2,COMPLETE
157,87.7869188785553,24.741429090499878,0.01162115077022463,69.12013554573059,2026-07-22 01:22:06.689608,2026-07-22 01:23:18.957964,0 days 00:01:12.268356,16,2.430003696446035,0.47595709558937505,8.179433700636467,2,COMPLETE
158,70.65107822418213,26.379483938217163,0.0,92.08292508125305,2026-07-22 01:22:14.598276,2026-07-22 01:23:47.922383,0 days 00:01:33.324107,43,1.5645212585886275,1.0030527206564157,9.716791345900031,2,COMPLETE
159,86.14118695259094,24.920988082885742,0.023410980065818876,74.26430630683899,2026-07-22 01:22:21.233326,2026-07-22 01:23:36.605111,0 days 00:01:15.371785,16,5.929574593869691,0.47595709558937505,7.877470803621222,2,COMPLETE
160,89.21611309051514,36.67081594467163,0.0,102.4587197303772,2026-07-22 01:22:29.461656,2026-07-22 01:24:15.864720,0 days 00:01:46.403064,28,6.941788636010218,0.6074120083801087,5.294643898306258,2,COMPLETE
161,88.95626068115234,25.333181023597717,0.0,112.18863248825073,2026-07-22 01:22:55.608546,2026-07-22 01:24:49.825230,0 days 00:01:54.216684,16,2.430003696446035,0.6621030384857014,7.012917753810589,2,COMPLETE
162,86.02569699287415,22.389154136180878,0.024428972392342985,60.07107448577881,2026-07-22 01:23:18.973472,2026-07-22 01:24:22.151413,0 days 00:01:03.177941,13,9.473369685265999,0.6151686083515167,8.145877238698294,2,COMPLETE
163,87.6569926738739,32.95146822929382,0.010414497228339314,114.58047080039978,2026-07-22 01:23:28.619833,2026-07-22 01:25:25.206344,0 days 00:01:56.586511,23,6.696007962927879,0.7237231177022057,4.2081422698915345,2,COMPLETE
164,59.4340980052948,33.537426590919495,0.0,119.9121401309967,2026-07-22 01:23:36.619511,2026-07-22 01:25:37.505855,0 days 00:02:00.886344,56,8.949276453434754,1.1914689206214601,6.685734872060582,2,COMPLETE
165,42.240509390830994,10.435545444488525,0.0,37.374956369400024,2026-07-22 01:23:38.680608,2026-07-22 01:24:18.042891,0 days 00:00:39.362283,5,6.141955403289064,1.3218343041921252,6.848614527849919,2,COMPLETE
166,89.75025415420532,46.32759094238281,0.0,151.36433005332947,2026-07-22 01:23:47.938423,2026-07-22 01:26:20.278539,0 days 00:02:32.340116,57,2.4961013478548537,0.4544549932008023,2.1682709001389293,2,COMPLETE
167,78.533273935318,19.894294440746307,0.0,73.85671091079712,2026-07-22 01:24:15.880331,2026-07-22 01:25:33.660895,0 days 00:01:17.780564,13,9.473369685265999,0.37796883248612206,8.145877238698294,2,COMPLETE
168,81.3339114189148,6.46442174911499,0.0,30.952422857284546,2026-07-22 01:24:18.057281,2026-07-22 01:24:50.844696,0 days 00:00:32.787415,1,6.141955403289064,0.47595709558937505,2.6525941333419913,2,COMPLETE
169,89.14393186569214,31.98564350605011,0.0,70.89587068557739,2026-07-22 01:24:21.997580,2026-07-22 01:25:33.872187,0 days 00:01:11.874607,45,1.5564888515215862,0.6724715267378771,2.4560502981332775,2,COMPLETE
170,72.41230010986328,14.37368392944336,0.0,37.37270545959473,2026-07-22 01:24:22.168784,2026-07-22 01:25:03.003650,0 days 00:00:40.834866,7,5.929574593869691,0.8380897254934068,7.877470803621222,2,COMPLETE
171,89.12949562072754,31.504517793655396,0.0,122.22596740722656,2026-07-22 01:24:49.840427,2026-07-22 01:26:54.171788,0 days 00:02:04.331361,62,1.5564888515215862,0.6621030384857014,2.1354870124506897,3,COMPLETE
172,89.63476419448853,45.18457651138306,0.00820344575913623,211.36236810684204,2026-07-22 01:24:50.860263,2026-07-22 01:28:24.210019,0 days 00:03:33.349756,47,7.933862070107003,0.6370736237537533,6.25308520283309,3,COMPLETE
173,74.10134077072144,27.830886840820312,0.013464386574923992,90.84191513061523,2026-07-22 01:25:03.020515,2026-07-22 01:26:36.993258,0 days 00:01:33.972743,61,1.5564888515215862,0.9344701232632517,7.052782127994375,3,COMPLETE
174,88.60978484153748,22.336237132549286,0.0,114.5156192779541,2026-07-22 01:25:25.222756,2026-07-22 01:27:21.740584,0 days 00:01:56.517828,18,1.5564888515215862,0.327651702949415,4.079054538989914,3,COMPLETE
175,90.09672403335571,46.316638588905334,0.008077544771367684,206.15967321395874,2026-07-22 01:25:33.675551,2026-07-22 01:29:03.526707,0 days 00:03:29.851156,71,1.2773358635717913,0.4519896127793178,8.583834679284967,3,COMPLETE
176,89.77912664413452,53.60391139984131,0.013781698362436146,217.74933409690857,2026-07-22 01:25:33.885910,2026-07-22 01:29:12.643444,0 days 00:03:38.757534,65,8.92209534584569,0.451948289170071,3.0993556084637444,3,COMPLETE
177,90.21221399307251,46.766287088394165,0.0,229.60542750358582,2026-07-22 01:25:37.521841,2026-07-22 01:29:28.680359,0 days 00:03:51.158518,71,1.6671854035425886,0.3984961558369401,8.724433521725912,3,COMPLETE
178,76.94528698921204,21.376506984233856,0.014017381181474775,44.29388999938965,2026-07-22 01:26:20.293650,2026-07-22 01:27:05.690698,0 days 00:00:45.397048,10,5.577483966814341,0.8380897254934068,2.943528067756758,3,COMPLETE
179,42.240509390830994,10.435545444488525,0.0,27.534457445144653,2026-07-22 01:26:37.010030,2026-07-22 01:27:08.063463,0 days 00:00:31.053433,5,6.141955403289064,1.3218343041921252,6.848614527849919,3,COMPLETE
180,42.240509390830994,10.435545444488525,0.0,48.82434034347534,2026-07-22 01:26:54.189237,2026-07-22 01:27:45.103017,0 days 00:00:50.913780,5,6.141955403289064,1.3218343041921252,6.848614527849919,3,COMPLETE
181,52.9233455657959,30.045413970947266,0.0,76.40116000175476,2026-07-22 01:27:05.706853,2026-07-22 01:28:23.400046,0 days 00:01:17.693193,48,9.909243914694663,1.1914689206214601,3.0993556084637444,3,COMPLETE
182,63.923776149749756,16.85693860054016,0.0,43.05820417404175,2026-07-22 01:27:08.079012,2026-07-22 01:27:54.061786,0 days 00:00:45.982774,10,5.929574593869691,0.9830622811064054,7.877470803621222,3,COMPLETE
183,86.74750924110413,35.0102961063385,0.009806805610423908,274.9745054244995,2026-07-22 01:27:21.755676,2026-07-22 01:31:58.656270,0 days 00:04:36.900594,48,9.909243914694663,0.3162666130838224,7.877470803621222,3,COMPLETE
184,89.12949562072754,47.20501899719238,0.0235201878240332,364.25596499443054,2026-07-22 01:27:45.120095,2026-07-22 01:33:51.555850,0 days 00:06:06.435755,59,8.484755637940696,0.451948289170071,7.427875948134881,3,COMPLETE
185,89.36047554016113,36.92397475242615,0.0,91.93005871772766,2026-07-22 01:27:54.076725,2026-07-22 01:29:29.088795,0 days 00:01:35.012070,71,1.6671854035425886,0.6270864592846743,2.60741166246899,3,COMPLETE
186,85.72253584861755,14.158076047897339,0.0,38.34512639045715,2026-07-22 01:28:23.416499,2026-07-22 01:29:04.607495,0 days 00:00:41.190996,5,6.141955403289064,0.6980705630905657,4.208851981590963,3,COMPLETE
187,89.60589170455933,35.14471352100372,0.0,128.43999457359314,2026-07-22 01:28:24.224177,2026-07-22 01:30:33.644477,0 days 00:02:09.420300,36,1.081817835936449,0.3984961558369401,8.025188040220149,3,COMPLETE
188,89.72138166427612,42.73009896278381,0.008634087134851143,145.5574390888214,2026-07-22 01:29:03.544592,2026-07-22 01:31:31.160093,0 days 00:02:27.615501,31,9.776569501829279,0.6370736237537533,2.943528067756758,3,COMPLETE
189,63.73610496520996,37.08609342575073,0.0,110.52026605606079,2026-07-22 01:29:04.623290,2026-07-22 01:30:58.457971,0 days 00:01:53.834681,71,7.028213804723255,1.035787546511751,3.0993556084637444,3,COMPLETE
190,75.35730004310608,18.04477572441101,0.0,41.266618728637695,2026-07-22 01:29:12.656503,2026-07-22 01:29:55.004148,0 days 00:00:42.347645,7,6.141955403289064,0.8421809263706515,2.60741166246899,3,COMPLETE
191,37.823012471199036,18.980252742767334,0.0,46.60152983665466,2026-07-22 01:29:28.694425,2026-07-22 01:30:16.619045,0 days 00:00:47.924620,36,7.123263409246221,1.4789378978366654,3.0993556084637444,3,COMPLETE
192,83.12400579452515,17.243683338165283,0.0,58.65143322944641,2026-07-22 01:29:29.104329,2026-07-22 01:30:29.198033,0 days 00:01:00.093704,10,4.3434929836575575,0.3984961558369401,8.025188040220149,3,COMPLETE
193,89.27385807037354,27.014005184173584,0.011204482143511996,90.94590139389038,2026-07-22 01:29:55.020701,2026-07-22 01:31:34.162808,0 days 00:01:39.142107,16,2.430003696446035,0.6621030384857014,4.208851981590963,3,COMPLETE
194,87.5126302242279,33.93000662326813,0.010056315659312531,111.99909496307373,2026-07-22 01:30:16.638444,2026-07-22 01:32:10.155633,0 days 00:01:53.517189,29,6.155837586300011,0.47595709558937505,8.583834679284967,3,COMPLETE
195,90.19777774810791,47.752371430397034,0.015554518904536963,158.75396990776062,2026-07-22 01:30:29.214214,2026-07-22 01:33:09.314394,0 days 00:02:40.100180,47,4.815327864525012,0.4519896127793178,2.60741166246899,3,COMPLETE
196,89.30273056030273,41.094160079956055,0.009027714986586943,109.7494478225708,2026-07-22 01:30:33.659613,2026-07-22 01:32:24.427614,0 days 00:01:50.768001,55,2.430003696446035,0.6621030384857014,2.60741166246899,3,COMPLETE
197,89.53371047973633,39.74929749965668,0.009083477198146284,111.17221403121948,2026-07-22 01:30:58.470695,2026-07-22 01:32:53.388741,0 days 00:01:54.918046,31,6.0049471160541845,0.6183372531671313,4.208851981590963,3,COMPLETE
198,80.55435419082642,8.786091208457947,0.0,43.93932509422302,2026-07-22 01:31:31.179412,2026-07-22 01:32:17.610552,0 days 00:00:46.431140,3,3.154769988252978,0.3984961558369401,5.273228576230191,3,COMPLETE
199,76.31009221076965,6.897717714309692,0.0,36.35371017456055,2026-07-22 01:31:34.184605,2026-07-22 01:32:12.252230,0 days 00:00:38.067625,1,6.141955403289064,0.6980705630905657,6.873535337591807,3,COMPLETE
